model_id,delta_distance_mean,delta_distance_std,envelope_correlation_mean,envelope_correlation_std,artifact_score_mean,artifact_score_std,percent_improved,count
birds_dawnchorus_b2048_r48000_z8,-47.410569872345796,119.56691768996748,0.7097772102010379,0.31407616357702123,31.918413050507045,23.56799930295655,61.111111111111114,36
birds_motherbird_b2048_r48000_z16,-90.94117009897768,188.15802421537632,0.4724275188805454,0.20328248417993744,30.13863860674048,16.60130261864506,75.0,36
birds_pluma_b2048_r48000_z12,-161.73292469962388,225.94174265558945,0.6941942548258455,0.19141187620475159,43.626116663456735,33.219011120481156,91.66666666666666,36
